,train,test,validate,all,train_loss,valid_loss
0,0.992146596859,0.9625,0.951785714286,0.964392111193,35.1500267512,234.748300378
1,0.982264665757,0.9609375,0.94880952381,0.963526876606,35.1400606436,231.569494622
2,0.962550607287,0.96015625,0.947023809524,0.962915881565,48.6813156807,231.441205704
3,0.968446601942,0.9609375,0.948214285714,0.963225479723,55.4701715986,208.009418035
4,0.98031496063,0.9625,0.955357142857,0.964125569732,41.3552427376,190.64620095
5,0.968085106383,0.9609375,0.948214285714,0.964279343652,46.3674714542,154.21854922
6,0.974008207934,0.96875,0.949404761905,0.966253800779,31.8838768563,131.085109142
7,0.959541984733,0.97265625,0.956547619048,0.967885854645,55.7586977861,87.1070748124
8,0.983402489627,0.971875,0.957142857143,0.969772148058,18.9449287632,96.2904224224
9,0.972399150743,0.971875,0.955357142857,0.969202159396,49.3489233425,98.3405259533
10,0.981996726678,0.9734375,0.955357142857,0.969132448552,56.6694317983,92.1872370089
11,0.962264150943,0.97265625,0.954166666667,0.967752583914,42.9679814868,88.4922033514
12,0.95568263045,0.975,0.958928571429,0.96812369164,72.6745837076,72.1780774081
13,0.974358974359,0.9734375,0.957142857143,0.967824345077,27.0117413753,66.8994463128
14,0.964338781575,0.97421875,0.956547619048,0.968010924099,62.2019079656,70.0939046562
15,0.950092421442,0.975,0.954761904762,0.967252306096,70.0471030716,62.6743013749
16,0.980099502488,0.9703125,0.954166666667,0.966520342239,37.326920074,54.6868027953
17,0.946702800361,0.96875,0.956547619048,0.965530038197,53.5410489026,46.6996636379
18,0.963052695336,0.96875,0.954166666667,0.963998449959,67.1801114677,40.9620936778
19,0.971204188482,0.9640625,0.952976190476,0.961706193398,28.4086757308,38.7084911869
20,0.972714870396,0.96484375,0.950595238095,0.961066493893,36.6406610152,39.5173107314
21,0.963562753036,0.965625,0.946428571429,0.959787094883,37.6289566541,39.3297742185
22,0.949838187702,0.96484375,0.947023809524,0.95910433868,40.8844503171,39.4642372682
23,0.959645669291,0.9671875,0.947619047619,0.959340125356,40.0951064374,38.9900888989
24,0.976789168279,0.96640625,0.95,0.959928566889,36.8493144735,38.5509224153
25,0.974008207934,0.96640625,0.950595238095,0.959713283401,30.3785730902,37.7483128236
26,0.959541984733,0.96328125,0.948214285714,0.959235559091,57.0533807625,37.59646971
27,0.98755186722,0.9640625,0.947619047619,0.959048980069,17.754948007,37.2976323397
28,0.968152866242,0.9640625,0.949404761905,0.95902847688,33.8806626091,37.0866096029
29,0.959901800327,0.9640625,0.94880952381,0.958780388289,53.0029294115,37.0609847701
30,0.965801886792,0.9640625,0.949404761905,0.958495393959,25.930926696,36.8631882036
31,0.935668334525,0.9640625,0.95119047619,0.959081785172,53.7706999044,36.7282199805
32,0.974358974359,0.96796875,0.94880952381,0.959990076456,28.7052082406,36.8790596073
33,0.956166419019,0.96875,0.953571428571,0.961095198358,67.7137068019,36.4995889608
34,0.934072704868,0.96796875,0.955357142857,0.960478052361,73.4101786625,36.59887524
35,0.970149253731,0.96953125,0.95119047619,0.961011135282,39.5346745009,36.7333133031
36,0.942186088528,0.9671875,0.957142857143,0.961181311753,56.2014393661,36.5444167043
37,0.958812840703,0.96875,0.953571428571,0.961441702257,60.8363105174,36.6888157388
38,0.975130890052,0.9703125,0.950595238095,0.961380192689,30.6709181565,36.7122893662
39,0.978171896317,0.96953125,0.950595238095,0.961468356403,29.4641735802,36.6677111413
40,0.965587044534,0.96953125,0.947619047619,0.961574972987,34.4159796353,36.6442513672
41,0.953883495146,0.9703125,0.94880952381,0.961669287658,51.3044265623,36.5984192396
42,0.964566929134,0.96875,0.947619047619,0.961322783759,36.2010113684,36.6490755526
43,0.974854932302,0.9703125,0.950595238095,0.96202809347,36.4925086702,36.6751930014
44,0.972640218878,0.9703125,0.95119047619,0.962368446412,31.3021608568,36.7895732067
45,0.968702290076,0.9703125,0.949404761905,0.962376647688,53.9955881255,36.9509600533
46,0.98755186722,0.97109375,0.95,0.96296508922,14.0392374128,37.0933374155
47,0.967091295117,0.97109375,0.95,0.963036850382,30.0544528183,37.3443496772
48,0.972176759411,0.9703125,0.95,0.963389505238,54.6864837126,37.6576234268
49,0.965801886792,0.9703125,0.95,0.963436662573,34.2648667818,38.0368331097
50,0.934953538242,0.96953125,0.95119047619,0.963787267109,50.363765019,38.4323396768
51,0.981481481481,0.9703125,0.95119047619,0.963965644856,22.8076604272,38.6680344616
52,0.97102526003,0.9703125,0.952380952381,0.964137871646,50.954960093,39.0458967966
53,0.946395563771,0.96953125,0.950595238095,0.963984097726,60.5891441541,39.6080988905
54,0.966169154229,0.96875,0.951785714286,0.9641870793,37.9417503618,40.0691039461
55,0.948509485095,0.9671875,0.955952380952,0.963635543509,40.1530198371,40.5611083336
56,0.960024227741,0.96796875,0.953571428571,0.963186523664,62.7358634275,40.6789063983
57,0.977748691099,0.96796875,0.954761904762,0.962714950311,26.5441126002,41.1684401957
58,0.975443383356,0.96875,0.953571428571,0.962169565476,24.5909215004,41.7343189487
59,0.964574898785,0.96796875,0.950595238095,0.962013741237,43.1904140823,42.354341805
60,0.953074433657,0.96875,0.952380952381,0.962596031813,48.6857502622,42.7457014097
61,0.968503937008,0.96875,0.951785714286,0.962493515866,30.8797351993,43.1827976004
62,0.97582205029,0.96875,0.951785714286,0.962596031813,32.6193829985,43.4824118639
63,0.974008207934,0.96953125,0.951785714286,0.962393050239,34.3411374428,44.0464020661
64,0.964122137405,0.96875,0.95,0.962048596659,56.3326903898,44.6295559002
65,0.98755186722,0.96875,0.947619047619,0.96179845775,18.0965217996,44.6403971299
66,0.967091295117,0.96875,0.951785714286,0.962089603038,33.3964780216,44.834439711
67,0.951718494272,0.96875,0.95119047619,0.961747199777,51.8069375205,45.1721279887
68,0.957547169811,0.96875,0.950595238095,0.961412997792,21.68150772,45.4389041372
69,0.938527519657,0.96875,0.95,0.96124487164,45.8270637944,45.3589952848
70,0.975783475783,0.96796875,0.950595238095,0.960756895735,24.8717465141,45.4745680673
71,0.963595839525,0.96796875,0.950595238095,0.960750744778,47.7512487751,45.1918726042
72,0.939001848429,0.9671875,0.950595238095,0.960342731312,71.3999369126,45.5914473272
73,0.970149253731,0.9703125,0.95,0.961667237339,37.3541799505,44.7354838393
74,0.945799457995,0.96796875,0.945238095238,0.960494454912,44.7527152124,44.770054267
75,0.961235614779,0.9671875,0.948214285714,0.960072089213,48.821501533,45.1459381749
76,0.976439790576,0.9671875,0.949404761905,0.960080290489,24.7038633485,45.5581934799
77,0.975443383356,0.96640625,0.95,0.960611323091,20.0660201658,45.678460858
78,0.95951417004,0.96640625,0.945833333333,0.958807042435,38.6877637404,45.3515591322
79,0.949029126214,0.9671875,0.947619047619,0.959274515151,45.4987870641,45.3762113839
80,0.962598425197,0.96640625,0.947619047619,0.959549257887,32.7487045049,45.556744083
81,0.973887814313,0.96640625,0.951785714286,0.959610767455,37.9922140781,45.4261468979
82,0.974008207934,0.9671875,0.95119047619,0.959957271354,22.0489912987,45.2398423128
83,0.964885496183,0.9671875,0.949404761905,0.960205359944,55.7349483794,45.6938543125
84,0.98755186722,0.96796875,0.949404761905,0.960601071497,15.4660492841,45.9414281226
85,0.968152866242,0.96796875,0.948214285714,0.960978330179,27.7523333623,45.7829549815
86,0.952536824877,0.96796875,0.95119047619,0.96091887093,38.7289833715,46.1990325269
87,0.958726415094,0.96796875,0.954166666667,0.960929122525,39.2744859314,46.397738794
88,0.932094353109,0.96796875,0.954166666667,0.960283272063,57.9309840013,46.7494703928
89,0.978632478632,0.9671875,0.954761904762,0.960758946054,20.1095948663,46.7163613591
90,0.968053491828,0.9671875,0.95,0.960221762495,59.2656539133,46.1526578268
91,0.935921133703,0.96796875,0.95,0.960533410972,62.5006254899,46.0384809359
92,0.960199004975,0.96640625,0.948214285714,0.959910114018,38.8640048468,46.4507930712
93,0.945799457995,0.965625,0.950595238095,0.960238165047,41.6060961933,46.6343905951
94,0.956995760145,0.96640625,0.95,0.96009874336,46.5983284999,46.9559771305
95,0.976439790576,0.96640625,0.949404761905,0.9601356491,18.2589559829,47.0821498563
96,0.974079126876,0.96640625,0.949404761905,0.960238165047,22.5450129947,47.0020577849
97,0.961538461538,0.96640625,0.949404761905,0.960004428689,33.8596317646,46.8955191155
98,0.956310679612,0.9671875,0.948214285714,0.959809648391,37.9878758819,46.6181451062
99,0.968503937008,0.96796875,0.947023809524,0.959575912033,33.3495134192,46.6029868027
100,0.978723404255,0.96796875,0.94880952381,0.959440590984,32.6589677559,46.3280178792
101,0.972640218878,0.9671875,0.950595238095,0.959733786591,26.1054081928,46.588598967
102,0.960305343511,0.9671875,0.950595238095,0.959969573267,48.2023651693,46.5151626522
103,0.98755186722,0.96640625,0.95,0.960137699419,13.6495006636,46.5925765164
104,0.970276008493,0.9671875,0.949404761905,0.96011719623,29.8995096177,46.4512511919
105,0.950900163666,0.96796875,0.948214285714,0.959809648391,41.7822140632,46.610799193
106,0.958726415094,0.96875,0.95,0.960072089213,22.4776192871,46.291230677
107,0.935668334525,0.96875,0.95119047619,0.960742543503,54.2587792517,46.242849289
108,0.978632478632,0.96875,0.951785714286,0.960982430817,26.9979301314,46.2923460841
109,0.965824665676,0.96875,0.950595238095,0.960484203318,38.4076339064,45.5779765916
110,0.935304990758,0.96875,0.95,0.96017460516,58.6200947501,45.9048573355
111,0.957213930348,0.96875,0.952380952381,0.960687184892,32.3422906576,46.1626465622
112,0.946702800361,0.96875,0.953571428571,0.959949070078,37.9905900917,46.0395567336
113,0.963052695336,0.96796875,0.951785714286,0.960203309625,55.0741390205,46.0869307182
114,0.976439790576,0.96796875,0.949404761905,0.959875258596,22.8456503239,46.0993343401
115,0.975443383356,0.96875,0.95,0.959957271354,28.1167780053,45.9932605834
116,0.958502024291,0.96875,0.95119047619,0.960139749738,31.4565950129,45.9912668573
117,0.950647249191,0.96640625,0.947619047619,0.959198653351,47.261983257,45.9326017025
118,0.966535433071,0.96875,0.948214285714,0.959678427979,33.6205569073,45.8626905278
119,0.977756286267,0.96640625,0.95,0.959536955974,29.5257587287,45.8873617065
120,0.972640218878,0.96640625,0.95119047619,0.95927656547,22.3674678262,45.824465179
121,0.96106870229,0.96796875,0.952976190476,0.95963947192,45.7521936591,45.9660783373
122,0.991701244813,0.96796875,0.954166666667,0.960016730602,8.78456113158,45.7281464197
123,0.967091295117,0.96796875,0.953571428571,0.95984860445,26.4633562369,45.341875985
124,0.946808510638,0.96796875,0.952976190476,0.959805547753,40.7583676579,45.2147410781
125,0.959905660377,0.96796875,0.953571428571,0.960240215366,29.4519734182,45.050711338
126,0.934238741959,0.96796875,0.955952380952,0.960389888647,47.3496374034,45.153053127
127,0.975783475783,0.96796875,0.952380952381,0.959799396796,23.7121955393,45.0479487044
128,0.964338781575,0.965625,0.946428571429,0.957788033929,69.4627026812,45.7767742521
129,0.932840418977,0.96484375,0.947619047619,0.95774702755,64.9396965841,45.4541236832
130,0.958208955224,0.965625,0.946428571429,0.95786184541,41.869071461,45.7058388367
131,0.942186088528,0.965625,0.947619047619,0.957884398918,36.2335890569,45.7886388998
132,0.959418534222,0.9671875,0.947619047619,0.958554853207,49.9219948208,46.2170964351
133,0.975130890052,0.9671875,0.947619047619,0.958528199061,21.2406683642,46.265117851
134,0.974079126876,0.96484375,0.946428571429,0.957724474042,27.3131431809,46.513361353
135,0.956477732794,0.96640625,0.946428571429,0.957597354268,30.5439480784,45.9462480998
136,0.946601941748,0.965625,0.944047619048,0.956408169291,46.8254489459,45.1702920279
137,0.956692913386,0.965625,0.939880952381,0.955653651926,32.8373937977,44.9648844892
138,0.970986460348,0.965625,0.942857142857,0.95606576603,37.7155104303,45.0296966668
139,0.969904240766,0.965625,0.942261904762,0.955856633499,19.4060623172,44.9043685608
140,0.954961832061,0.96484375,0.941071428571,0.956100621452,49.4218593619,44.7676964639
141,0.985477178423,0.96484375,0.940476190476,0.956268747604,10.2658375567,44.6771033338
142,0.964968152866,0.965625,0.941071428571,0.956135476873,29.5035307789,44.5113614503
143,0.947626841244,0.9671875,0.941666666667,0.956258496009,38.1123789063,44.7219007699
144,0.959905660377,0.965625,0.942261904762,0.956192885803,25.4057130114,44.2455461546
145,0.931379556826,0.96484375,0.939285714286,0.956022709332,42.1193744822,44.3061325483
146,0.97150997151,0.9640625,0.939285714286,0.956092420176,22.3887196301,44.3037017562
147,0.954680534918,0.96484375,0.939285714286,0.956053464116,57.0559133232,43.9340346934
148,0.932224276032,0.9640625,0.939880952381,0.95591199211,60.8196516095,44.0993529482
149,0.957213930348,0.9640625,0.939285714286,0.955920193386,40.9773093491,44.2023799829
150,0.939476061427,0.965625,0.936904761905,0.955487576092,39.7968106295,44.2460320197
151,0.955178679588,0.965625,0.939285714286,0.955866885094,43.8209603257,44.2412965133
152,0.972513089005,0.965625,0.941071428571,0.955807425845,25.7068735716,44.3799793121
153,0.972714870396,0.96484375,0.940476190476,0.955585991401,18.7472202225,44.246315545
154,0.95951417004,0.9640625,0.938095238095,0.955883287645,38.0937756713,44.1063352749
155,0.948220064725,0.96484375,0.938095238095,0.955885337964,45.4996903579,43.7706790781
156,0.955708661417,0.96484375,0.93869047619,0.955704909899,37.7663333926,43.7309998202
157,0.97001934236,0.9640625,0.9375,0.955618796504,31.2294957941,43.6731721332
158,0.96853625171,0.9640625,0.936904761905,0.955227185589,25.4239362193,43.6392846951
159,0.958778625954,0.96328125,0.938095238095,0.955307148027,53.0180433464,43.6329446092
160,0.985477178423,0.96484375,0.93630952381,0.954622341505,13.6448117571,43.5746431873
161,0.966029723992,0.9640625,0.936904761905,0.95428813952,27.6508419975,43.475047356
162,0.944353518822,0.9640625,0.938095238095,0.95434554845,44.6255874023,43.6751023588
163,0.952830188679,0.965625,0.938095238095,0.954710505219,30.3278400509,43.4507089471
164,0.932809149392,0.965625,0.938095238095,0.954813021165,52.5109832911,43.5942467984
165,0.972934472934,0.965625,0.938095238095,0.954942191258,14.3253192208,43.7412475127
166,0.953937592868,0.9640625,0.936904761905,0.954359900683,36.651929594,43.4335070937
167,0.925446703635,0.965625,0.936904761905,0.955229235908,59.3081267111,43.6086523923
168,0.956218905473,0.96484375,0.93869047619,0.954888882966,34.1172812725,43.6542037641
169,0.940379403794,0.96484375,0.938095238095,0.954997549869,35.3039261774,43.5715780468
170,0.952755905512,0.96640625,0.9375,0.954915537112,44.0410340139,43.7186691069
171,0.972513089005,0.9671875,0.936904761905,0.954993449231,23.780209259,44.0108381672
172,0.972714870396,0.9671875,0.93869047619,0.95505290848,20.4168150828,43.805564651
173,0.956477732794,0.9671875,0.940476190476,0.956781327335,27.4509007173,43.287810553
174,0.948220064725,0.9671875,0.942261904762,0.957168837613,42.3412063976,43.1836969419
175,0.961614173228,0.96640625,0.939285714286,0.955227185589,39.4700103013,43.43750133
176,0.976789168279,0.96640625,0.939285714286,0.955303047389,31.7518307738,43.2487230166
177,0.971272229822,0.96640625,0.938095238095,0.955579840444,16.7967832473,43.193204739
178,0.95572519084,0.965625,0.939880952381,0.955819727759,44.2893751302,43.1143557946
179,0.98755186722,0.96640625,0.941071428571,0.956717767449,11.6614496497,43.2288646914
180,0.964968152866,0.96640625,0.942261904762,0.957201642716,35.9306791866,43.0757895642
181,0.945171849427,0.96640625,0.944047619048,0.957047868796,53.9350341903,43.1504013901
182,0.955188679245,0.9671875,0.945238095238,0.957679367026,33.9914730663,43.2846281287
183,0.932809149392,0.9671875,0.946428571429,0.956885893601,49.8021239441,43.7526356546
184,0.97150997151,0.9671875,0.942857142857,0.956949453487,24.7607421521,43.7300422461
185,0.962852897474,0.96875,0.947619047619,0.95807302826,44.9497462923,43.2238191885
186,0.935304990758,0.9671875,0.946428571429,0.958930061571,56.2827059449,43.4105841126
187,0.956218905473,0.9671875,0.944642857143,0.958942363485,31.4103614795,43.6583371496
188,0.946702800361,0.96640625,0.944047619048,0.95862661437,33.381973289,43.5452264001
189,0.963052695336,0.96640625,0.944642857143,0.958901357106,48.6889215438,43.7877741774
190,0.975130890052,0.96640625,0.944642857143,0.958981319544,23.778475632,43.7952577426
191,0.974079126876,0.96640625,0.945238095238,0.958747583187,19.7500479754,43.7705859902
192,0.955465587045,0.96796875,0.946428571429,0.959061281982,32.0850336856,43.8654474451
193,0.947411003236,0.96796875,0.946428571429,0.958862401046,40.3745016014,43.6760854729
194,0.966535433071,0.9671875,0.944642857143,0.958548702251,30.4169914413,43.539187673
195,0.974854932302,0.96796875,0.944642857143,0.958597909905,31.2105493072,43.6261166763
196,0.971272229822,0.9671875,0.944642857143,0.95858765831,16.4080219298,43.5258635051
197,0.959541984733,0.9671875,0.945238095238,0.958460538537,45.6559121676,43.6030738059
198,0.98755186722,0.9671875,0.945238095238,0.95877833797,13.0725972567,43.6209920168
199,0.964968152866,0.9671875,0.944642857143,0.958665570429,29.4469463046,43.296741665
200,0.947626841244,0.96640625,0.944642857143,0.958647117559,36.4462196706,43.5362067653
201,0.965801886792,0.9671875,0.945833333333,0.95904692975,28.4677564302,43.2315184882
202,0.935668334525,0.96796875,0.944642857143,0.958614312456,51.4440190713,43.3121682044
203,0.97150997151,0.96640625,0.945238095238,0.958413381201,22.4342751842,43.3672341455
204,0.965824665676,0.965625,0.944642857143,0.958497444277,39.2274176599,43.1751567401
205,0.933456561922,0.96640625,0.944047619048,0.958038172838,57.0178596528,43.3757290256
206,0.957213930348,0.965625,0.943452380952,0.95797666327,31.6743421517,43.5332295318
207,0.944896115628,0.96640625,0.944642857143,0.958394928331,33.2348034083,43.3258198874
208,0.963658388855,0.9671875,0.944642857143,0.958710677446,42.1781745428,43.3761945096
209,0.975130890052,0.96875,0.944047619048,0.959042829112,21.5140982968,43.2971799988
210,0.975443383356,0.96796875,0.944642857143,0.959479547044,20.6046895047,43.1403300042
211,0.957489878543,0.96640625,0.944047619048,0.959512352146,26.5867481108,43.1641007993
212,0.949838187702,0.965625,0.943452380952,0.959844503813,46.9638668194,43.0162988918
213,0.967519685039,0.965625,0.942857142857,0.959760440737,26.6851004792,42.9960933264
214,0.974854932302,0.965625,0.944642857143,0.960270970149,23.8760415967,42.8453712351
215,0.972640218878,0.96640625,0.946428571429,0.960334530036,19.0653453685,42.7804034169
216,0.963358778626,0.9671875,0.943452380952,0.96017460516,45.6571002437,42.6985222567
217,0.98755186722,0.96640625,0.944642857143,0.960057736981,9.5407037817,42.7292796364
218,0.970276008493,0.965625,0.942857142857,0.959153546334,31.4926910421,42.4748820794
219,0.950081833061,0.96640625,0.945238095238,0.959649723514,38.3182285054,42.7543681376
220,0.96108490566,0.96640625,0.942857142857,0.959627170006,19.652050762,42.5452477421
221,0.937812723374,0.96640625,0.944642857143,0.960090542084,43.6039440225,42.7385277931
222,0.972934472934,0.9671875,0.944642857143,0.959893711467,23.2416398244,42.7645753487
223,0.967310549777,0.96796875,0.945238095238,0.959202753988,52.4280779365,42.4624918452
224,0.934072704868,0.96796875,0.945238095238,0.959128942507,58.9865140343,42.6846735257
225,0.9592039801,0.96796875,0.945833333333,0.959407785881,29.6427467509,42.8362438412
226,0.950316169828,0.96796875,0.945833333333,0.959725585315,32.8493298506,43.0206272343
227,0.961235614779,0.96796875,0.945833333333,0.959516452784,45.5352173341,43.2843257349
228,0.976439790576,0.9671875,0.945833333333,0.959782994245,20.4575201541,43.2439586694
229,0.975443383356,0.96796875,0.944642857143,0.960182806436,26.939175685,42.9571365094
230,0.957489878543,0.9671875,0.943452380952,0.960197158668,23.1323894394,43.1105559083
231,0.950647249191,0.96796875,0.945833333333,0.959817849667,46.1035712932,43.9775037642
232,0.963582677165,0.96796875,0.942261904762,0.9588357469,29.1075154214,44.1271161
233,0.97582205029,0.9671875,0.944047619048,0.959147395377,39.380594836,43.7478646678
234,0.96853625171,0.9671875,0.944047619048,0.959254011962,23.0871579292,43.3422636235
235,0.964885496183,0.971875,0.961904761905,0.967424532886,45.5065451268,43.1198556413
236,0.98755186722,0.971875,0.960714285714,0.965862189864,14.8323628624,43.191067596
237,0.973460721868,0.9765625,0.967261904762,0.972068505256,25.1352978444,42.4065929627
238,0.960720130933,0.9765625,0.966071428571,0.97104744643,39.4871221714,42.5037026446
239,0.977594339623,0.978125,0.970833333333,0.97343606798,28.4332990221,41.9454353989
240,0.951393852752,0.9765625,0.967857142857,0.972451914895,43.1549788504,42.2696838384
241,0.982905982906,0.97421875,0.966666666667,0.970930578251,23.3125373347,42.3807009795
242,0.977711738484,0.97421875,0.967261904762,0.970567671801,43.2948668786,41.824170816
243,0.948860135551,0.97578125,0.964285714286,0.971059748344,55.5204865815,41.9058258909
244,0.973134328358,0.975,0.960714285714,0.968394333739,32.0796364024,42.155794637
245,0.955736224029,0.9734375,0.960714285714,0.965242993548,38.0878634384,42.2072915959
246,0.966081162932,0.97109375,0.955357142857,0.962356144498,42.7106999386,42.6516491087
247,0.976439790576,0.9703125,0.952976190476,0.96149296023,31.5027162298,43.0200407901
248,0.976807639836,0.96796875,0.95,0.961056242298,23.2996842888,43.2279726058
249,0.95951417004,0.96796875,0.948214285714,0.961002934006,27.1934063193,43.283494837
250,0.952265372168,0.96875,0.955357142857,0.961738998501,51.7140705759,42.3657344807
251,0.966535433071,0.9703125,0.956547619048,0.962190068665,25.8416146688,42.494276488
252,0.978723404255,0.96953125,0.956547619048,0.962872824868,32.1387060831,42.3545591354
253,0.972640218878,0.96953125,0.956547619048,0.963106561226,21.7525910341,42.4113043948
254,0.967938931298,0.96953125,0.955357142857,0.962616535002,50.8273583866,42.2225239429
255,0.989626556017,0.9703125,0.958333333333,0.962717000629,12.0237667764,42.2754500834
256,0.971337579618,0.96953125,0.958333333333,0.96237254705,21.1434205563,42.2099208129
257,0.954173486088,0.9703125,0.958333333333,0.96279286243,42.9368837609,42.4396641234
258,0.965801886792,0.9703125,0.952976190476,0.962526320969,23.2333621328,42.4077001531
259,0.93924231594,0.96953125,0.952976190476,0.962456610126,55.2827863975,42.7235265504
260,0.978632478632,0.96796875,0.953571428571,0.962366396093,17.7129054871,42.5895264084
261,0.972511144131,0.96875,0.95119047619,0.96227618206,40.6771074142,42.3263478301
262,0.937769562539,0.96875,0.950595238095,0.961716444993,54.2085140385,42.4304264222
263,0.9592039801,0.96796875,0.949404761905,0.961388393965,40.3107721685,42.7046276194
264,0.965672990063,0.96875,0.949404761905,0.96132073344,34.159491295,42.5911813983
265,0.962447001817,0.96796875,0.947619047619,0.960990632093,53.4077677496,42.7121617834
266,0.975130890052,0.96796875,0.945833333333,0.961138255056,22.7399892589,42.6773299076
267,0.976807639836,0.9671875,0.945833333333,0.961193613667,19.7666561167,42.5878164489
268,0.960526315789,0.96796875,0.945238095238,0.961351488224,23.2936772233,42.6529085296
269,0.949838187702,0.9671875,0.947023809524,0.959676377661,41.2981116107,42.3298117462
270,0.967519685039,0.9671875,0.945833333333,0.960297624295,31.6564390724,42.5272822121
271,0.979690522244,0.96953125,0.952380952381,0.961763602328,28.7708990104,42.5322015373
272,0.969904240766,0.96953125,0.951785714286,0.961609828409,20.8335621705,42.4269479758
273,0.958778625954,0.96875,0.951785714286,0.961691841166,37.5459021438,42.7962853545
274,0.98755186722,0.96875,0.950595238095,0.961829212534,15.0263930887,42.6690802964
275,0.969214437367,0.96875,0.950595238095,0.961884571145,32.8854647831,42.4454292295
276,0.951718494272,0.96875,0.951785714286,0.9620096406,42.2279794554,42.6906525936
277,0.96108490566,0.96953125,0.951785714286,0.961538067246,29.1474820667,42.6174781306
278,0.941386704789,0.96875,0.953571428571,0.961476557679,44.8484300008,42.453298901
279,0.980056980057,0.96875,0.954761904762,0.962169565476,16.2217110552,42.4642415079
280,0.970282317979,0.9703125,0.955357142857,0.962376647688,52.3936019036,42.200511276
281,0.935304990758,0.96953125,0.954761904762,0.96240945279,62.5115879935,42.5553103799
282,0.961194029851,0.96875,0.955357142857,0.961326884397,27.2842759912,42.5506500679
283,0.955736224029,0.96875,0.952380952381,0.95897106795,45.8985540608,42.3686966296
284,0.960024227741,0.96875,0.952380952381,0.958915709339,48.453631591,42.4525161941
285,0.977748691099,0.9671875,0.95119047619,0.959309370573,20.9154226044,42.5329241431
286,0.976807639836,0.96875,0.95119047619,0.960240215366,24.6552592578,42.4510951954
287,0.95951417004,0.96875,0.950595238095,0.960906569017,29.916618072,42.5253597169
288,0.95145631068,0.96953125,0.952380952381,0.961410947473,38.8050953335,42.3176440302
289,0.965551181102,0.96953125,0.951785714286,0.960947575395,41.4260371552,42.3483583705
290,0.974854932302,0.96875,0.955357142857,0.962181867389,27.4352532577,42.2689211225
291,0.969904240766,0.96953125,0.953571428571,0.962995844004,20.8714801287,42.3127257809
292,0.958778625954,0.9703125,0.952976190476,0.962739554138,33.9077558844,42.1935105783
293,0.98755186722,0.9703125,0.952976190476,0.962618585321,12.774283509,42.2488505237
294,0.970276008493,0.96953125,0.951785714286,0.962690346483,33.7174413827,42.1523653197
295,0.951718494272,0.9703125,0.952380952381,0.96296508922,34.886314557,42.4055324623
296,0.965801886792,0.9703125,0.954761904762,0.963272637059,20.1428809385,42.291968997
297,0.941386704789,0.96953125,0.954166666667,0.96267804457,49.1657419884,42.4580833614
298,0.982905982906,0.96875,0.951785714286,0.962198269941,21.7616922943,42.5762190001
299,0.967310549777,0.96875,0.952380952381,0.962438157255,40.6626413548,42.0906169226
300,0.934688847813,0.96875,0.953571428571,0.962329490352,55.3366957798,42.3366110503
301,0.964179104478,0.96875,0.950595238095,0.962130609416,28.7051365211,42.5296854113
302,0.970189701897,0.96875,0.95,0.962071150167,26.8000053291,42.2802455789
303,0.96062992126,0.96875,0.952976190476,0.961451953851,48.4965722012,42.4076765211
304,0.976439790576,0.96875,0.952976190476,0.961693891485,21.0521995968,42.5459547697
305,0.976807639836,0.96875,0.952976190476,0.962003489643,18.468484371,42.5685094797
306,0.961538461538,0.96875,0.954166666667,0.962339741947,32.6233539387,42.5691613128
307,0.953074433657,0.96953125,0.954761904762,0.96256322671,39.8804689848,42.4498605867
308,0.969488188976,0.96875,0.953571428571,0.962470962358,28.8381551538,42.4086119659
309,0.976789168279,0.96796875,0.954761904762,0.962745705094,27.7489914235,42.4034769827
310,0.969904240766,0.96875,0.955357142857,0.9633854046,20.2374908932,42.3731508148
311,0.959541984733,0.96875,0.955952380952,0.9634612664,38.9864592163,42.4086253188
312,0.98755186722,0.96875,0.957142857143,0.964100965905,10.4823478328,42.4066167229
313,0.971337579618,0.96875,0.954761904762,0.963897984331,21.3424811363,42.2262968523
314,0.950900163666,0.96953125,0.957142857143,0.963830323807,46.2874332138,42.3959220929
315,0.971698113208,0.96796875,0.957142857143,0.964603294042,21.8360890365,42.3347645597
316,0.947105075054,0.96796875,0.957142857143,0.964197330895,49.7992992784,42.3466214292
317,0.982905982906,0.96796875,0.957142857143,0.964736564773,21.6032163725,42.3973054673
318,0.97176820208,0.97109375,0.956547619048,0.964521281285,46.0520398928,42.4756270671
319,0.940850277264,0.971875,0.955952380952,0.964521281285,55.1984500284,42.7182516485
320,0.964179104478,0.97109375,0.955357142857,0.964363406728,27.7082032565,42.9128671057
321,0.96928635953,0.96953125,0.955357142857,0.963998449959,34.1083474695,42.9589107318
322,0.964264082374,0.9703125,0.956547619048,0.964453620761,46.5396752201,42.9467370366
323,0.979057591623,0.9703125,0.956547619048,0.964426966615,21.8399678287,42.8921699195
324,0.979536152797,0.96953125,0.955357142857,0.964068160802,15.7364073071,42.8120151087
325,0.962550607287,0.97109375,0.958333333333,0.964564337983,28.0226558075,42.9261887017
326,0.961165048544,0.97109375,0.957738095238,0.964597143086,34.2792024029,42.7089747617
327,0.970472440945,0.971875,0.955952380952,0.964611495318,29.3978108843,42.7713793686
328,0.977756286267,0.97109375,0.957142857143,0.964599193405,30.1103950294,42.5365960658
329,0.971272229822,0.97109375,0.957142857143,0.964100965905,21.2837016665,42.37095248
330,0.959541984733,0.9703125,0.957142857143,0.96466480361,42.1699338355,42.4005463532
331,0.989626556017,0.9703125,0.957142857143,0.965167131747,13.8257933449,42.3057182295
332,0.970276008493,0.9703125,0.957142857143,0.96544802544,22.0047835769,41.952645254
333,0.953355155483,0.9703125,0.957738095238,0.965439824165,37.1745648674,42.185296889
334,0.974056603774,0.97109375,0.957738095238,0.965534138835,26.5917091065,41.9337530813
335,0.945675482487,0.96875,0.956547619048,0.964716061583,40.1688208584,42.0909361841
336,0.982905982906,0.96953125,0.957738095238,0.964888288373,18.7218878167,42.1920565566
337,0.968796433878,0.96875,0.954761904762,0.963440763211,57.2660870456,42.370177359
338,0.935304990758,0.96875,0.954761904762,0.96321317781,59.9739059876,42.4691869218
339,0.965174129353,0.96875,0.953571428571,0.961954281989,34.3895765443,42.3324134175
340,0.962962962963,0.96875,0.955952380952,0.962835919127,38.0995909539,42.3812280625
341,0.965475469412,0.96953125,0.955952380952,0.963574033941,48.3606933967,42.4567436943
342,0.977748691099,0.9703125,0.957738095238,0.963828273488,19.4757774878,42.4665797597
343,0.978171896317,0.9703125,0.957142857143,0.964697608713,19.4810720486,42.4119044402
344,0.962550607287,0.9703125,0.955952380952,0.964960049536,27.1539915923,42.3707922626
345,0.955501618123,0.9703125,0.958928571429,0.9641112175,33.436202048,42.0528948907
346,0.971456692913,0.9703125,0.957142857143,0.964923143795,28.3740079354,42.1322590409
347,0.978723404255,0.9703125,0.956547619048,0.964867785184,33.1245673917,41.8137083532
348,0.969904240766,0.9703125,0.957738095238,0.965634604463,21.8318425953,41.7884990489
349,0.96106870229,0.96953125,0.958928571429,0.965788378382,41.8390723069,41.7390921197
350,0.989626556017,0.9703125,0.958928571429,0.965630503825,11.5688843833,41.6827889017
351,0.971337579618,0.9703125,0.957142857143,0.965331157262,30.4258896417,41.7073518743
352,0.950900163666,0.96953125,0.956547619048,0.965138427282,38.6356805945,41.883192788
353,0.966981132075,0.96875,0.958928571429,0.965407019062,30.7715297912,41.70507966
354,0.946390278771,0.96875,0.959523809524,0.965425471932,39.7335721479,41.7930859521
355,0.982905982906,0.96953125,0.960119047619,0.965856038907,24.586593509,41.8290117076
356,0.968053491828,0.9703125,0.959523809524,0.964500778096,81.4897654602,42.2526828236
357,0.942082563155,0.9703125,0.958928571429,0.964972351449,54.5192194928,42.5593191395
358,0.965174129353,0.9703125,0.958928571429,0.964953898579,28.3490803832,42.8611617969
359,0.971996386631,0.9703125,0.958928571429,0.964656602334,31.6599160726,42.7109398874
360,0.963658388855,0.96875,0.958333333333,0.964021003467,51.6197419943,43.088556392
361,0.976439790576,0.96953125,0.958333333333,0.96359453713,18.8265167323,43.0660432386
362,0.978171896317,0.9703125,0.958333333333,0.964529482561,17.9378224642,42.6885162654
363,0.95951417004,0.9703125,0.958928571429,0.965130226007,31.2426027937,42.654186181
364,0.966828478964,0.96953125,0.961904761905,0.965681761798,34.6040174383,42.2765995454
365,0.979330708661,0.9703125,0.961904761905,0.965952403896,31.7791594701,42.4518420182
366,0.980657640232,0.97109375,0.965476190476,0.966858644862,38.6450720595,42.1440373865
367,0.971272229822,0.96953125,0.9625,0.966218945357,17.0323650645,42.1431564505
368,0.960305343511,0.97109375,0.963095238095,0.966325561941,51.8931003916,42.257129768
369,0.98755186722,0.971875,0.9625,0.966050819205,13.0332440497,42.3173880088
370,0.973460721868,0.9703125,0.961904761905,0.966044668248,20.4941094633,42.1355341338
371,0.950900163666,0.9703125,0.959523809524,0.966077473351,41.7959320843,42.3695621951
372,0.971698113208,0.96953125,0.96130952381,0.966044668248,29.6042881924,42.2669372561
373,0.947105075054,0.97109375,0.959523809524,0.966067221756,43.3672441975,42.3016797996
374,0.98433048433,0.97109375,0.960714285714,0.966177938978,17.7666965055,42.3824049241
375,0.973254086181,0.97109375,0.960119047619,0.966374769595,54.3253017549,42.2272459367
376,0.9426987061,0.9703125,0.96130952381,0.966354266406,56.6671074226,42.3357190675
377,0.967164179104,0.9703125,0.961904761905,0.966588002764,27.0615378799,42.6395657753
378,0.972899728997,0.97109375,0.961904761905,0.96619434153,31.8228252902,42.6969594669
379,0.964869775893,0.9703125,0.960714285714,0.965329106943,44.8978622169,42.8654055612
380,0.980366492147,0.9703125,0.958928571429,0.965581296171,15.7608640364,42.8988934038
381,0.979536152797,0.971875,0.960119047619,0.966134882281,17.1073861179,42.8777041311
382,0.961538461538,0.97109375,0.960714285714,0.965776076469,24.2316445255,42.8943218937
383,0.960355987055,0.96953125,0.961904761905,0.966368618639,36.3924564183,42.4456371091
384,0.975393700787,0.9703125,0.964880952381,0.966700770305,27.6594419299,42.3577290348
385,0.97582205029,0.96953125,0.96369047619,0.966793034657,29.192850356,42.2295936878
386,0.972640218878,0.97109375,0.964285714286,0.96707392835,18.9456908717,42.043226376
387,0.959541984733,0.9703125,0.964285714286,0.966807386889,42.3064957912,41.9125370554
388,0.989626556017,0.9703125,0.964285714286,0.96703497229,9.26483974581,41.9634294492
389,0.974522292994,0.97109375,0.960714285714,0.966670015521,27.4866757672,42.0224876006
390,0.951718494272,0.97109375,0.960714285714,0.966387071509,41.9267966791,42.3619987869
391,0.972877358491,0.971875,0.96130952381,0.966452681715,20.7085976356,42.0987712274
392,0.947105075054,0.97109375,0.963095238095,0.966436279163,41.9798298444,42.202553662
393,0.98433048433,0.97109375,0.963095238095,0.966479335861,17.3678296699,42.3222816677
394,0.973254086181,0.97109375,0.960119047619,0.965704315306,36.5312789284,41.9130950161
395,0.941466420209,0.97109375,0.96130952381,0.965882693053,54.5340553859,42.14407412
396,0.967164179104,0.9703125,0.96130952381,0.966717172856,34.9153108343,42.0217697407
397,0.975609756098,0.97109375,0.96130952381,0.96644243012,30.4213315161,42.0441262545
398,0.966686856451,0.9703125,0.9625,0.965981108361,39.1624595565,41.9763789328
399,0.979057591623,0.971875,0.963095238095,0.966235347908,19.2939356918,42.0157093697
400,0.979536152797,0.96953125,0.963095238095,0.966407574698,19.3679134585,41.7386032798
401,0.961538461538,0.97109375,0.96369047619,0.966401423741,30.6857877643,41.8357510976
402,0.961165048544,0.97109375,0.96369047619,0.966739726364,35.5610860517,41.6647251499
403,0.976377952756,0.9703125,0.96369047619,0.967041123247,29.6487366099,42.0590111481
404,0.976789168279,0.96953125,0.963095238095,0.967094431539,30.9036348299,42.2630349189
405,0.972640218878,0.96953125,0.96369047619,0.967182595253,16.6089500454,42.0198819842
406,0.960305343511,0.96953125,0.963095238095,0.966737676046,46.8857582931,42.0477815437
407,0.989626556017,0.97109375,0.9625,0.96692015443,9.10465236958,42.076295048
408,0.976645435244,0.97109375,0.960119047619,0.96615538547,23.3857357976,41.8357126241
409,0.950900163666,0.97109375,0.96130952381,0.96655724798,32.4061348505,42.0456881358
410,0.974056603774,0.97109375,0.96130952381,0.966680267116,26.3340575982,41.9849257315
411,0.947105075054,0.9703125,0.960714285714,0.966389121828,44.0355026464,42.0974851811
412,0.98433048433,0.96953125,0.960119047619,0.965987259318,15.8889924868,42.0889285628
413,0.973254086181,0.9703125,0.958928571429,0.965825284123,36.3837290447,41.8316121847
414,0.942082563155,0.97109375,0.96130952381,0.96586834082,49.7037291025,41.9244179668
415,0.966169154229,0.97109375,0.964285714286,0.966360417363,31.1605292593,42.0205331856
416,0.972899728997,0.97109375,0.96369047619,0.966434228844,31.339317404,41.9807203964
417,0.964264082374,0.97265625,0.965476190476,0.966975513041,40.6493565408,42.0872727
418,0.977748691099,0.97265625,0.966071428571,0.967305614388,18.9098927376,42.0983825848
419,0.979536152797,0.97265625,0.965476190476,0.966909902835,24.0359179622,42.1521221816
420,0.964574898785,0.97109375,0.96369047619,0.966354266406,32.6457346993,42.0903385319
421,0.961165048544,0.97109375,0.96369047619,0.966957060171,37.9058481992,41.9870744439
422,0.976377952756,0.971875,0.9625,0.966417826293,29.7477084483,41.9960215181
423,0.976789168279,0.971875,0.960714285714,0.966165637065,27.1562324792,41.9834217076
424,0.971272229822,0.9703125,0.960119047619,0.966091825583,19.3767347731,41.9464398037
425,0.958015267176,0.9703125,0.9625,0.96659620404,39.5200619964,41.9426129445
426,0.98755186722,0.9703125,0.9625,0.966592103402,11.2199493447,42.0104101322
427,0.975583864119,0.9703125,0.961904761905,0.966493688093,27.8553999927,41.828071776
428,0.950081833061,0.9703125,0.960714285714,0.966401423741,46.3166849264,42.0062848659
429,0.974056603774,0.97109375,0.960714285714,0.966364518001,27.0035430235,42.3676333155
430,0.947105075054,0.97109375,0.960119047619,0.966128731324,46.2839196204,42.4911805817
431,0.982905982906,0.97109375,0.958928571429,0.966290706519,19.7136493251,42.3831415463
432,0.973254086181,0.9703125,0.96130952381,0.966559298299,42.4279107245,41.9014377934
433,0.94393099199,0.9703125,0.960714285714,0.96669051871,52.4154170901,42.0579060912
434,0.966169154229,0.9703125,0.960714285714,0.966831990716,29.1723809019,42.2401927566
435,0.976513098464,0.9703125,0.96130952381,0.967043173566,38.3898939758,42.3005857003
436,0.969109630527,0.97109375,0.96130952381,0.966555197661,37.7361150209,42.3297150008
437,0.98167539267,0.9703125,0.96369047619,0.96667206584,18.4716546584,42.4485548813
438,0.979536152797,0.9734375,0.965476190476,0.966893500284,19.4136342924,42.3604829885
439,0.963562753036,0.97265625,0.966071428571,0.966955009852,25.3019705774,42.4328436959
440,0.960355987055,0.9734375,0.966071428571,0.967285111199,39.254316771,42.4146868803
441,0.974409448819,0.97265625,0.966071428571,0.96695911049,29.1644169485,42.4193070356
442,0.97582205029,0.971875,0.965476190476,0.967354822043,28.5431181001,42.3067044691
443,0.969904240766,0.971875,0.964285714286,0.967527048832,19.0446728306,41.9699372165
444,0.965648854962,0.97109375,0.964880952381,0.967639816373,40.4025247071,41.857792846
445,0.989626556017,0.97109375,0.965476190476,0.967568055211,8.38459901249,41.8408400587
446,0.974522292994,0.971875,0.964880952381,0.967861250818,21.9377857507,41.5257503347
447,0.959083469722,0.971875,0.966071428571,0.968291817792,37.8060481703,41.8025529046
448,0.977594339623,0.97265625,0.967261904762,0.968466094901,21.9704858926,41.6026333836
449,0.945675482487,0.97265625,0.968452380952,0.968699831259,43.0468125928,41.622799198
450,0.981481481481,0.971875,0.966666666667,0.968300019068,19.0712920294,41.4865353783
451,0.972511144131,0.971875,0.966666666667,0.9681626477,52.5146059701,41.26800681
452,0.94516327788,0.97265625,0.967857142857,0.968341025447,51.3580539655,41.4204919347
453,0.972139303483,0.97265625,0.966666666667,0.967892005601,28.9482575268,41.4459523813
454,0.975609756098,0.97265625,0.966666666667,0.967926861023,38.4278129459,41.4261430789
455,0.967898243489,0.97265625,0.967261904762,0.967186695891,43.8648094268,41.5613805055
456,0.980366492147,0.97265625,0.967261904762,0.967607011271,20.5167375948,41.5879679755
457,0.978171896317,0.971875,0.967857142857,0.967475790859,15.1290904086,41.4988254083
458,0.964574898785,0.971875,0.967261904762,0.967164142382,33.8446979691,41.4650392804
459,0.955501618123,0.9703125,0.964880952381,0.963428461297,51.5728962418,41.5865271385
460,0.969488188976,0.9703125,0.964880952381,0.964137871646,27.8445947652,41.6282036107
461,0.967117988395,0.9734375,0.966071428571,0.965359861726,28.1870430699,41.5749970824
462,0.971272229822,0.97265625,0.967857142857,0.96657570085,16.8959504833,41.5246539865
463,0.963358778626,0.97265625,0.968452380952,0.966534694472,47.185092399,41.3463649459
464,0.989626556017,0.97265625,0.967261904762,0.967424532886,10.9041151715,41.4430412022
465,0.978768577495,0.9796875,0.977976190476,0.980669593155,33.9932423687,40.7428808812
466,0.977086743044,0.97890625,0.978571428571,0.980464561263,35.5100199449,40.8551831998
467,0.991745283019,0.97890625,0.978571428571,0.979488609453,23.5492688125,40.8199061418
468,0.96497498213,0.97890625,0.977380952381,0.97810054354,42.4708619438,41.0865442699
469,0.98433048433,0.97578125,0.97619047619,0.973310998526,23.0332980381,41.375728176
470,0.979197622585,0.97578125,0.975595238095,0.972605688815,46.8888365374,41.123182632
471,0.9617991374,0.9796875,0.977976190476,0.980140610872,58.9083244512,40.9945814109
472,0.988059701493,0.9796875,0.977380952381,0.979338936172,31.3795322079,41.0740714305
473,0.971093044264,0.97890625,0.977380952381,0.977606416678,33.8933942885,41.082354004
474,0.971532404603,0.975,0.97380952381,0.972166920564,42.7851303588,41.257989851
475,0.973821989529,0.9734375,0.97380952381,0.969403090651,19.0147056497,41.4414243793
476,0.979536152797,0.971875,0.972023809524,0.96846814522,19.8123671227,41.5204402354
477,0.965587044534,0.97265625,0.970238095238,0.968326673214,29.8565628647,41.5743418492
478,0.964401294498,0.97265625,0.97380952381,0.968310270663,49.5423989211,41.770449268
479,0.97342519685,0.97265625,0.971428571429,0.968609617226,30.1551859449,41.7746735896
480,0.979690522244,0.97265625,0.970238095238,0.968664975837,26.5629382989,41.7088778902
481,0.974008207934,0.971875,0.970238095238,0.968529654788,19.2274902717,41.5203991375
482,0.962595419847,0.97265625,0.972023809524,0.968867957411,38.1956086821,41.4579188336
483,0.989626556017,0.97265625,0.969047619048,0.968472245858,8.67345693274,41.4965025976
484,0.973460721868,0.97109375,0.969642857143,0.968386132463,26.3541547561,41.2506136013
485,0.957446808511,0.97265625,0.969642857143,0.969222662585,40.3671955455,41.4597972662
486,0.97641509434,0.97265625,0.968452380952,0.968599365631,24.8926194784,41.581939926
487,0.947819871337,0.97109375,0.968452380952,0.968338975128,45.154656562,41.6724082683
488,0.982905982906,0.97109375,0.969642857143,0.968203654078,17.0486284246,41.7535700761
489,0.973254086181,0.971875,0.968452380952,0.968330773852,47.189136194,41.0870466763
490,0.947011706716,0.971875,0.970238095238,0.968937668254,48.9403625228,41.3662690203
491,0.971144278607,0.97109375,0.970833333333,0.969054536433,43.8635032136,41.3765071864
492,0.977416440831,0.97109375,0.970238095238,0.969265719283,30.9996155981,41.3222112553
493,0.96729254997,0.97109375,0.970238095238,0.969337480445,39.9534105513,41.5340674792
494,0.979057591623,0.971875,0.970833333333,0.969452298305,16.2896859641,41.7151844758
495,0.980900409277,0.971875,0.970238095238,0.96942359384,19.2722571876,41.5863879366
496,0.96963562753,0.97265625,0.972023809524,0.969829556988,26.4494465408,41.7107196401
497,0.961165048544,0.971875,0.972619047619,0.969513807873,33.5998281962,41.6297395496
498,0.975393700787,0.97265625,0.972619047619,0.969690135301,24.2090620767,41.705297965
499,0.980657640232,0.971875,0.970833333333,0.969085291217,30.2994680148,41.7434075319
500,0.972640218878,0.9734375,0.970238095238,0.969019681011,24.1627840979,41.7006888768
501,0.964885496183,0.9734375,0.969642857143,0.969216511628,38.7556598704,41.6753630026
502,0.989626556017,0.97265625,0.969642857143,0.968968423038,11.7379453666,41.5855858199
503,0.974522292994,0.97265625,0.969047619048,0.968636271372,20.8932365017,41.4384856966
504,0.958265139116,0.971875,0.969642857143,0.968615768183,40.7834613398,41.6859008598
505,0.974056603774,0.971875,0.968452380952,0.968785944654,22.6016852357,41.5540408761
506,0.945675482487,0.971875,0.968452380952,0.968359478317,34.0059394613,41.6472143589
507,0.982905982906,0.971875,0.967857142857,0.968109339408,25.9176526929,41.4895709316
508,0.97102526003,0.97109375,0.967857142857,0.968193402484,49.5037892631,41.3762805661
509,0.9426987061,0.97109375,0.964285714286,0.968402535014,60.4115753233,41.7474447855
510,0.972139303483,0.97109375,0.969047619048,0.968976624314,30.5414032191,41.9376172755
511,0.974706413731,0.97109375,0.969047619048,0.968691629983,32.6489462647,41.8361835913
512,0.967898243489,0.97109375,0.967857142857,0.968552208296,50.6033645683,42.0991303141
513,0.982984293194,0.97109375,0.965476190476,0.968466094901,17.8811483686,42.0619175235
514,0.982264665757,0.97109375,0.969642857143,0.968986875909,23.7041649107,42.1188162342
515,0.965587044534,0.97109375,0.964285714286,0.968660875199,28.9603647961,42.1542870364
516,0.957928802589,0.97109375,0.965476190476,0.968412786609,43.0494033953,41.9744837147
517,0.97342519685,0.97109375,0.96369047619,0.96839228342,25.7434007038,41.9793681013
518,0.976789168279,0.97109375,0.964880952381,0.968466094901,30.5685111577,41.9638529885
519,0.971272229822,0.9703125,0.963095238095,0.968076534305,17.7906062674,41.8843918336
520,0.965648854962,0.97265625,0.9625,0.967557803616,38.6253200339,41.8063348869
521,0.985477178423,0.971875,0.959523809524,0.967787439336,9.86818216567,41.7354965871
522,0.973460721868,0.9734375,0.960119047619,0.967486042454,16.9768199889,41.5509992919
523,0.968085106383,0.9734375,0.960714285714,0.968183150889,32.1217703204,41.7618932655
524,0.971698113208,0.971875,0.967261904762,0.968814649119,21.1939293995,41.5155135144
525,0.952823445318,0.97265625,0.966666666667,0.968693680302,40.8240415474,41.5538814174
526,0.982905982906,0.971875,0.967857142857,0.969038133882,22.2373073932,41.5736300244
527,0.964338781575,0.97265625,0.964285714286,0.968420987885,48.3007265042,41.1395619906
528,0.946395563771,0.97265625,0.966666666667,0.968572711485,55.5164824236,41.3190378074
529,0.979104477612,0.97109375,0.967261904762,0.968986875909,26.8226365638,41.447876477
530,0.96928635953,0.971875,0.965476190476,0.969234964499,28.4891798187,41.224332955
531,0.970321017565,0.9734375,0.965476190476,0.969146800785,39.1907940761,41.4007831485
532,0.985602094241,0.97421875,0.964880952381,0.969007379098,25.1362997933,41.3149422393
533,0.980900409277,0.9734375,0.965476190476,0.96929032311,19.4501590334,41.3580490723
534,0.967611336032,0.97421875,0.965476190476,0.969296474067,35.3533785806,41.3568994279
535,0.958737864078,0.9734375,0.966071428571,0.969626575414,39.26545344,41.376731448
536,0.977362204724,0.97265625,0.966071428571,0.969628625733,29.3221212432,41.5610135633
537,0.980657640232,0.9734375,0.966071428571,0.969649128922,22.9036536655,41.4098159621
538,0.974008207934,0.9734375,0.966071428571,0.969542512338,22.6911676826,41.2899416659
539,0.962595419847,0.97109375,0.968452380952,0.969212410991,42.0598743231,41.4182001569
540,0.989626556017,0.97109375,0.966666666667,0.969179605888,11.3598195658,41.5313766441
541,0.973460721868,0.97109375,0.969047619048,0.969505606597,25.1137785797,41.1227804798
542,0.968903436989,0.971875,0.968452380952,0.9696142735,31.6885750633,41.3836485854
543,0.974056603774,0.9734375,0.967261904762,0.9703400864,33.1559583981,41.2352641337
544,0.952108649035,0.97421875,0.966071428571,0.969784449971,45.5059791901,41.3049290622
545,0.985754985755,0.97421875,0.966666666667,0.969915670383,15.4788062285,41.2550801316
546,0.967310549777,0.975,0.968452380952,0.970362639909,36.7267823459,40.8867708622
547,0.950092421442,0.9734375,0.967261904762,0.970719395402,52.8202758771,41.3950319803
548,0.981094527363,0.975,0.966666666667,0.970594325947,27.7562649944,41.3598288419
549,0.972899728997,0.98359375,0.982142857143,0.978623374866,40.4271305478,40.47056766
550,0.978800726832,0.98125,0.977380952381,0.975113228863,35.671295529,40.8144385247
551,0.982984293194,0.97578125,0.970238095238,0.971676894341,18.0713310987,40.9767375118
552,0.980900409277,0.97421875,0.969047619048,0.97089572283,23.8347274665,40.9764890853
553,0.966599190283,0.97421875,0.967261904762,0.97032163353,29.5371772337,41.1437370446
554,0.959546925566,0.97421875,0.966666666667,0.970391344374,36.5968905134,40.9149530206
555,0.977362204724,0.9734375,0.966666666667,0.970612778818,30.1212285357,41.1745476796
556,0.981624758221,0.9734375,0.966071428571,0.970473357131,25.2168832593,41.2422864447
557,0.97537619699,0.97421875,0.966666666667,0.970766552737,18.5998313407,41.1550647105
558,0.963358778626,0.9734375,0.968452380952,0.970604577542,38.7543394183,41.3347770927
559,0.991701244813,0.97265625,0.967857142857,0.970342136719,12.7849117647,41.3283428447
560,0.976645435244,0.97421875,0.96369047619,0.968818749757,28.5134228098,41.3166556997
561,0.968085106383,0.97265625,0.960714285714,0.969152951742,36.4527041784,41.5005982851
562,0.969339622642,0.97109375,0.960714285714,0.969015580374,22.4254248816,41.4634245517
563,0.952108649035,0.971875,0.958928571429,0.968484547771,43.6929375568,41.4664526812
564,0.98433048433,0.971875,0.966666666667,0.969370285548,19.8270752332,41.544063733
565,0.965824665676,0.97265625,0.966071428571,0.969792651247,38.8862467534,41.0285711705
566,0.950092421442,0.975,0.966071428571,0.97003458888,52.7139938428,41.1112221386
567,0.979104477612,0.9734375,0.965476190476,0.969704487533,27.513772328,41.2793077877
568,0.970189701897,0.97421875,0.965476190476,0.969864412409,31.9648777202,41.3338348511
569,0.971532404603,0.97421875,0.964880952381,0.9696142735,40.508466336,41.2581685705
570,0.985602094241,0.97421875,0.964285714286,0.969579418078,18.7426483059,41.4467924826
571,0.980900409277,0.97421875,0.964285714286,0.969507656916,13.2675057203,41.1948017403
572,0.966599190283,0.97421875,0.965476190476,0.969364134591,24.2830660782,41.0179934666
573,0.960355987055,0.975,0.964880952381,0.969214461309,33.7325406923,40.347785957
574,0.977362204724,0.97421875,0.964285714286,0.969263668964,26.1928325311,40.5423222713
575,0.978723404255,0.975,0.965476190476,0.970032538561,29.9115082811,40.5904513385
576,0.972640218878,0.97421875,0.965476190476,0.969815204755,14.7876188208,40.5380041231
577,0.964885496183,0.97421875,0.966071428571,0.969860311771,35.4292943936,40.496517167
578,0.989626556017,0.9734375,0.965476190476,0.969692185619,14.0772165145,40.6530893487
579,0.976645435244,0.9734375,0.964880952381,0.969554814251,25.8197720557,40.4541997226
580,0.968085106383,0.97265625,0.966071428571,0.96929032311,36.7049776348,40.6699346551
581,0.974056603774,0.971875,0.966071428571,0.969083240898,25.9746144486,40.5322186425
582,0.949964260186,0.971875,0.964285714286,0.968193402484,49.0210807622,40.6120607617
583,0.982905982906,0.971875,0.959523809524,0.967885854645,22.1423090176,40.7217235767
584,0.961367013373,0.9734375,0.960119047619,0.966108228135,53.0412874346,40.2834608854
585,0.9426987061,0.9703125,0.959523809524,0.96676638051,51.192090868,40.456928569
586,0.971144278607,0.971875,0.960119047619,0.966448581077,35.8842476086,40.5807638942
587,0.972899728997,0.97109375,0.960714285714,0.966916053792,38.3681077824,40.6952267959
588,0.970321017565,0.97109375,0.961904761905,0.967135437917,45.8376339796,40.8219219972
589,0.982984293194,0.97109375,0.96130952381,0.966544946066,18.7502550903,40.9335987999
590,0.982264665757,0.97109375,0.96369047619,0.967211299718,19.6083706392,41.0595898061
591,0.966599190283,0.97109375,0.96130952381,0.967047274204,27.0488384275,41.0807356649
592,0.953074433657,0.9703125,0.960714285714,0.966924255068,36.0611131487,41.0579702684
593,0.974409448819,0.9703125,0.960714285714,0.967174393977,27.2660348073,41.1434883228
594,0.974854932302,0.9703125,0.960714285714,0.967846898585,25.7939193453,41.1729868314
595,0.971272229822,0.97109375,0.960119047619,0.967801791569,17.1888429689,41.2006193736
596,0.962595419847,0.9703125,0.959523809524,0.967734131044,35.2330780427,41.2622280262
597,0.989626556017,0.9703125,0.96130952381,0.968330773852,11.5048519488,41.26263542
598,0.975583864119,0.97109375,0.9625,0.968103188451,24.0440813922,41.0055664085
599,0.957446808511,0.97109375,0.96369047619,0.968615768183,31.3660635245,41.2430253079
